{
 "ours_30000": {
  "SSIM": {
   "00000.png": 0.6577455401420593,
   "00001.png": 0.5851176977157593,
   "00002.png": 0.6210520267486572,
   "00003.png": 0.7270321249961853,
   "00004.png": 0.746131181716919,
   "00005.png": 0.7743972539901733,
   "00006.png": 0.8246725797653198,
   "00007.png": 0.8258716464042664,
   "00008.png": 0.7653775811195374,
   "00009.png": 0.8301082253456116,
   "00010.png": 0.7978419065475464,
   "00011.png": 0.797997772693634,
   "00012.png": 0.8462693095207214,
   "00013.png": 0.8687360286712646,
   "00014.png": 0.8630110025405884,
   "00015.png": 0.8517058491706848,
   "00016.png": 0.8266466856002808,
   "00017.png": 0.865138053894043,
   "00018.png": 0.8907241821289062,
   "00019.png": 0.8899804353713989,
   "00020.png": 0.8470845818519592,
   "00021.png": 0.8460292220115662,
   "00022.png": 0.887754499912262,
   "00023.png": 0.7791022658348083,
   "00024.png": 0.8771464824676514
  },
  "PSNR": {
   "00000.png": 22.062923431396484,
   "00001.png": 19.833524703979492,
   "00002.png": 20.289152145385742,
   "00003.png": 21.517406463623047,
   "00004.png": 22.318239212036133,
   "00005.png": 23.933107376098633,
   "00006.png": 26.58027458190918,
   "00007.png": 26.929611206054688,
   "00008.png": 24.747236251831055,
   "00009.png": 26.28152084350586,
   "00010.png": 25.015033721923828,
   "00011.png": 24.479387283325195,
   "00012.png": 27.32508659362793,
   "00013.png": 28.494508743286133,
   "00014.png": 28.321388244628906,
   "00015.png": 28.038528442382812,
   "00016.png": 26.448963165283203,
   "00017.png": 27.81073570251465,
   "00018.png": 29.654056549072266,
   "00019.png": 28.97583770751953,
   "00020.png": 27.629968643188477,
   "00021.png": 28.205615997314453,
   "00022.png": 29.570682525634766,
   "00023.png": 25.378379821777344,
   "00024.png": 28.071043014526367
  },
  "LPIPS": {
   "00000.png": 0.23282305896282196,
   "00001.png": 0.24949771165847778,
   "00002.png": 0.2510692775249481,
   "00003.png": 0.19168414175510406,
   "00004.png": 0.19951710104942322,
   "00005.png": 0.17697656154632568,
   "00006.png": 0.14327466487884521,
   "00007.png": 0.1399441510438919,
   "00008.png": 0.18388837575912476,
   "00009.png": 0.13738654553890228,
   "00010.png": 0.16304755210876465,
   "00011.png": 0.16503438353538513,
   "00012.png": 0.13393373787403107,
   "00013.png": 0.11490759998559952,
   "00014.png": 0.14173449575901031,
   "00015.png": 0.1379651427268982,
   "00016.png": 0.15080717206001282,
   "00017.png": 0.10867417603731155,
   "00018.png": 0.12691707909107208,
   "00019.png": 0.13592682778835297,
   "00020.png": 0.1512461006641388,
   "00021.png": 0.1560739129781723,
   "00022.png": 0.13510675728321075,
   "00023.png": 0.2018572986125946,
   "00024.png": 0.12261851876974106
  }
 }
}