{
 "ours_30000": {
  "SSIM": 0.8037069439888,
  "PSNR": 25.916486740112305,
  "LPIPS": 0.16207647323608398
 }
}